block	pos	seq	alt_seq	mutation
1	1	AATGCGGTCTCTAATG		wt
1	2	AGG		wt
1	3	TCT		wt
1	4	ACT		wt
1	5	ATC		wt
1	6	TCT	AAT	N
1	7	TTA		wt
1	8	TCG		wt
1	9	AGC		wt
1	10	CTC		wt
1	11	CTT		wt
1	12	GAG		wt
1	13	AGA		wt
1	14	CTG		wt
1	15	AGC		wt
1	16	AAA		wt
1	17	TTG		wt
1	18	TCA		wt
1	19	TCC		wt
1	20	CGA		wt
1	21	TCC		wt
1	22	ATC		wt
1	23	GCA		wt
1	24	ATT		wt
1	25	ACG		wt
1	26	TGC		wt
1	27	GGC	GTT	V
1	28	GTA		wt
1	29	GTC	GCA	A
1	30	TTG		wt
1	31	GCA		wt
1	32	AGT		wt
1	33	GCA		wt
1	34	ATA		wt
1	35	GCA	TTG	L
1	36	TTC		wt
1	37	CCG		wt
1	38	ATT	TAT	Y
1	39	ATC		wt
1	40	CGA		wt
1	41	AGA		wt
1	42	GAC		wt
1	43	TAT		wt
1	44	CAA		wt
1	45	ACG		wt
1	46	TTC		wt
1	47	CTC		wt
1	48	GAA	TCA	S
1	49	GTT		wt
1	50	GG		wt
2	49	TT		wt
2	50	GGT		wt
2	51	CCG		wt
2	52	AGC		wt
2	53	TAT		wt
2	54	GCC		wt
2	55	CCA		wt
2	56	CAG		wt
2	57	AAC		wt
2	58	TTC		wt
2	59	CGA	AGA	K
2	60	GGC		wt
2	61	TAT		wt
2	62	ATC	CTC	L
2	63	ACT		wt
2	64	GTT		wt
2	65	TGT		wt
2	66	GTC		wt
2	67	TTG		wt
2	68	AGC	GCC	A
2	69	CTT		wt
2	70	TTT		wt
2	71	CGG		wt
2	72	CAA		wt
2	73	GAG		wt
2	74	CAG		wt
2	75	AAA		wt
2	76	GGG		wt
2	77	TTG		wt
2	78	GCA		wt
2	79	ATT		wt
2	80	TAT		wt
2	81	GAC	GAA	E
2	82	AGG		wt
2	83	CTT		wt
2	84	CCA		wt
2	85	GAA		wt
2	86	AAG		wt
2	87	CGT		wt
2	88	CGT		wt
2	89	TGG		wt
2	90	CTA		wt
2	91	GCT		wt
2	92	GAC		wt
2	93	CTA		wt
2	94	CCG		wt
2	95	TTT		wt
2	96	CGT		wt
2	97	GAA	AAT	N
2	98	GGG		wt
2	99	CCA	ACA	T
2	100	CGT		wt
2	101	CCT		wt
2	102	TCC		wt
2	103	ATA		wt
2	104	ACC		wt
2	105	TCC		wt
3	104	C		wt
3	105	TCC		wt
3	106	CAC		wt
3	107	ATT		wt
3	108	ATA		wt
3	109	CAG		wt
3	110	CGT		wt
3	111	CAG		wt
3	112	CGT		wt
3	113	ACT	AAT	N
3	114	CAA		V
3	115	CTG	GCG	A
3	116	GTT	CCT	P
3	117	GAT		V
3	118	CAA	CCA	P
3	119	GAG	GAC	D
3	120	TTC		wt
3	121	GCG		wt
3	122	ACG		wt
3	123	CGG		wt
3	124	GAA		wt
3	125	CTC		wt
3	126	ATT		wt
3	127	GAT		wt
3	128	AAA		wt
3	129	GTG		wt
3	130	ATC		wt
3	131	CCA		wt
3	132	CGT		wt
3	133	GTT		wt
3	134	CAA		wt
3	135	GCA		wt
3	136	AGA		wt
3	137	CAC		wt
3	138	ACA		wt
3	139	GAC		wt
3	140	AAA		wt
3	141	ACT		wt
3	142	TTT		wt
3	143	CTC		wt
3	144	AGT		wt
3	145	ACG		wt
3	146	TCA		wt
3	147	AAA		wt
3	148	TTT		wt
3	149	GAG		wt
3	150	TTT		wt
3	151	CAT		wt
3	152	GCA		wt
3	153	AAG		wt
3	154	GCT		wt
3	155	ATC		wt
3	156	TTC		wt
3	157	CTA		wt
3	158	CTC		wt
3	159	CCC		wt
3	160	TCT		wt
3	161	ATT	GTT	V
3	162	CCT		wt
3	163	ATT		wt
3	164	A		wt
4	163	ATT		wt
4	164	AAT		wt
4	165	GAT		wt
4	166	CCT		wt
4	167	CTC	AAA	K
4	168	AAC		wt
4	169	ATT	GTT	V
4	170	CCC		wt
4	171	TCA		wt
4	172	CAC		wt
4	173	GAT		wt
4	174	ACG		wt
4	175	GTC		wt
4	176	AGA		wt
4	177	AGA		wt
4	178	ACC		wt
4	179	AAG		wt
4	180	CGT		wt
4	181	GAG		wt
4	182	ATC		wt
4	183	GCT		wt
4	184	CAT		wt
4	185	ATG		wt
4	186	CAT		wt
4	187	GAT		wt
4	188	TAC		wt
4	189	CAT		wt
4	190	GAT		wt
4	191	TGC	TTC	Y
4	192	TCT		wt
4	193	CTG		wt
4	194	CAC		wt
4	195	CTC		wt
4	196	GCT		wt
4	197	CTA		wt
4	198	GCT		wt
4	199	CCT		wt
4	200	CAA		wt
4	201	GAT		wt
4	202	GGG	GCT	A
4	203	AAG		wt
4	204	GAA		wt
4	205	GTT		wt
4	206	CTA	GTA	V
4	207	AAA	AGT	S
4	208	AAA		wt
4	209	GGT		wt
4	210	TGG		wt
4	211	GGC		wt
4	212	CAA		wt
4	213	CGA		wt
4	214	CAT		wt
4	215	CCA		wt
4	216	TTG		wt
4	217	GCT		wt
4	218	GGA		wt
5	217	T		wt
5	218	GGA		wt
5	219	CCA		wt
5	220	GGA		wt
5	221	GTT		wt
5	222	CCA		wt
5	223	GGC		wt
5	224	CCT		wt
5	225	CCT		wt
5	226	ACT		wt
5	227	GAA		wt
5	228	TGG		wt
5	229	ACA		wt
5	230	TTT		wt
5	231	TTA	ATA	I
5	232	TAC		wt
5	233	GCG		wt
5	234	CCA		wt
5	235	CGT		wt
5	236	AAC		wt
5	237	GAA		wt
5	238	GAG		wt
5	239	GAG		wt
5	240	GCG	TTG	L
5	241	AGA	GCA	A
5	242	GTT		wt
5	243	GTT		wt
5	244	GAG		wt
5	245	ATG		wt
5	246	ATA		wt
5	247	GTC	ATC	I
5	248	GAA		wt
5	249	GCT		wt
5	250	AGT		wt
5	251	ATT		wt
5	252	GGC		wt
5	253	TAC		wt
5	254	ATG		wt
5	255	ACT		wt
5	256	AAC		wt
5	257	GAT		wt
5	258	CCT		wt
5	259	GCT		wt
5	260	GGG		wt
5	261	AAG		wt
5	262	ATT	GTT	V
5	263	GTT	ATT	I
5	264	GAA		wt
5	265	AAT		wt
5	266	GCC		wt
5	267	AAA		wt
5	268	TGA		wt
5	269	GCT		wt
5	270	TAG		wt
5	271	AGA		wt
5	272	CCG		wt
5	273	CTT		wt