pos	wt_seq	alt_seq	wt_aa	alt_aa
1	ATG		M	
2	AGG		R	
3	TCT		S	
4	ACT		T	
5	ATC		I	
6	TCT	AAT	S	N
7	TTA		L	
8	TCG		S	
9	AGC		S	
10	CTC		L	
11	CTT		L	
12	GAG		E	
13	AGA		R	
14	CTG		L	
15	AGC		S	
16	AAA		K	
17	TTG		L	
18	TCA		S	
19	TCC		S	
20	CGA		R	
21	TCC		S	
22	ATC		I	
23	GCA		A	
24	ATT		I	
25	ACG		T	
26	TGC		C	
27	GGC	GTT	G	V
28	GTA		V	
29	GTC	GCA	V	A
30	TTG		L	
31	GCA		A	
32	AGT		S	
33	GCA		A	
34	ATA		I	
35	GCA	TTG	A	L
36	TTC		F	
37	CCG		P	
38	ATT	TAT	I	Y
39	ATC		I	
40	CGA		R	
41	AGA		R	
42	GAC		D	
43	TAT		Y	
44	CAA		Q	
45	ACG		T	
46	TTC		F	
47	CTC		L	
48	GAA	TCA	E	S
49	GTT		V	
50	GGT		G	
51	CCG		P	
52	AGC		S	
53	TAT		Y	
54	GCC		A	
55	CCA		P	
56	CAG		Q	
57	AAC		N	
58	TTC		F	
59	CGA	AGA	R	K
60	GGC		G	
61	TAT		Y	
62	ATC	CTC	I	L
63	ACT		T	
64	GTT		V	
65	TGT		C	
66	GTC		V	
67	TTG		L	
68	AGC	GCC	S	A
69	CTT		L	
70	TTT		F	
71	CGG		R	
72	CAA		Q	
73	GAG		E	
74	CAG		Q	
75	AAA		K	
76	GGG		G	
77	TTG		L	
78	GCA		A	
79	ATT		I	
80	TAT		Y	
81	GAC	GAA	D	E
82	AGG		R	
83	CTT		L	
84	CCA		P	
85	GAA		E	
86	AAG		K	
87	CGT		R	
88	CGT		R	
89	TGG		W	
90	CTA		L	
91	GCT		A	
92	GAC		D	
93	CTA		L	
94	CCG		P	
95	TTT		F	
96	CGT		R	
97	GAA	AAT	E	N
98	GGG		G	
99	CCA	ACA	P	T
100	CGT		R	
101	CCT		P	
102	TCC		S	
103	ATA		I	
104	ACC		T	
105	TCC		S	
106	CAC		H	
107	ATT		I	
108	ATA		I	
109	CAG		Q	
110	CGT		R	
111	CAG		Q	
112	CGT		R	
113	ACT	AAT	T	N
114	CAA		Q	V
115	CTG	GCG	L	A
116	GTT	CCT	V	P
117	GAT		D	V
118	CAA	CCA	Q	P
119	GAG	GAC	E	D
120	TTC		F	
121	GCG		A	
122	ACG		T	
123	CGG		R	
124	GAA		E	
125	CTC		L	
126	ATT		I	
127	GAT		D	
128	AAA		K	
129	GTG		V	
130	ATC		I	
131	CCA		P	
132	CGT		R	
133	GTT		V	
134	CAA		Q	
135	GCA		A	
136	AGA		R	
137	CAC		H	
138	ACA		T	
139	GAC		D	
140	AAA		K	
141	ACT		T	
142	TTT		F	
143	CTC		L	
144	AGT		S	
145	ACG		T	
146	TCA		S	
147	AAA		K	
148	TTT		F	
149	GAG		E	
150	TTT		F	
151	CAT		H	
152	GCA		A	
153	AAG		K	
154	GCT		A	
155	ATC		I	
156	TTC		F	
157	CTA		L	
158	CTC		L	
159	CCC		P	
160	TCT		S	
161	ATT	GTT	I	V
162	CCT		P	
163	ATT		I	
164	AAT		N	
165	GAT		D	
166	CCT		P	
167	CTC	AAA	L	K
168	AAC		N	
169	ATT	GTT	I	V
170	CCC		P	
171	TCA		S	
172	CAC		H	
173	GAT		D	
174	ACG		T	
175	GTC		V	
176	AGA		R	
177	AGA		R	
178	ACC		T	
179	AAG		K	
180	CGT		R	
181	GAG		E	
182	ATC		I	
183	GCT		A	
184	CAT		H	
185	ATG		M	
186	CAT		H	
187	GAT		D	
188	TAC		Y	
189	CAT		H	
190	GAT		D	
191	TGC	TTC	C	Y
192	TCT		S	
193	CTG		L	
194	CAC		H	
195	CTC		L	
196	GCT		A	
197	CTA		L	
198	GCT		A	
199	CCT		P	
200	CAA		Q	
201	GAT		D	
202	GGG	GCT	G	A
203	AAG		K	
204	GAA		E	
205	GTT		V	
206	CTA	GTA	L	V
207	AAA	AGT	K	S
208	AAA		K	
209	GGT		G	
210	TGG		W	
211	GGC		G	
212	CAA		Q	
213	CGA		R	
214	CAT		H	
215	CCA		P	
216	TTG		L	
217	GCT		A	
218	GGA		G	
219	CCA		P	
220	GGA		G	
221	GTT		V	
222	CCA		P	
223	GGC		G	
224	CCT		P	
225	CCT		P	
226	ACT		T	
227	GAA		E	
228	TGG		W	
229	ACA		T	
230	TTT		F	
231	TTA	ATA	L	I
232	TAC		Y	
233	GCG		A	
234	CCA		P	
235	CGT		R	
236	AAC		N	
237	GAA		E	
238	GAG		E	
239	GAG		E	
240	GCG	TTG	A	L
241	AGA	GCA	R	A
242	GTT		V	
243	GTT		V	
244	GAG		E	
245	ATG		M	
246	ATA		I	
247	GTC	ATC	V	I
248	GAA		E	
249	GCT		A	
250	AGT		S	
251	ATT		I	
252	GGC		G	
253	TAC		Y	
254	ATG		M	
255	ACT		T	
256	AAC		N	
257	GAT		D	
258	CCT		P	
259	GCT		A	
260	GGG		G	
261	AAG		K	
262	ATT	GTT	I	V
263	GTT	ATT	V	I
264	GAA		E	
265	AAT		N	
266	GCC		A	
267	AAA		K	