name,F_seq,R_seq,R_seq_rc,F_Tm,R_Tm,Tm_avg,F_Dg,R_Dg,Dg_avg,validated?,Loaction,Position,new location/use
set93,TGCATGGTGGACGCTACA,TTGGCGTGAGAGTGTCCA,TGGACACTCTCACGCCAA,59.43,58.95,59.19,-20.64,-20.39,-20.515,OK,Plate 2,A1,unused
set94,ACACGCACTTGGGCTAGA,TTCGCGGCTGAGTGTCAA,TTGACACTCAGCCGCGAA,59.03,60.07,59.55,-20.41,-21.04,-20.725,OK,Plate 2,A2,unused
set95,ATTGGGGGCGACATGTGA,AACACGCATTCGGCCCTA,TAGGGCCGAATGCGTGTT,59.42,59.83,59.625,-20.45,-20.79,-20.62,OK,Plate 2,A3,unused
set96,AGCGTGCGACACTAACGT,TCTGCGCGCGTCCTATAT,ATATAGGACGCGCGCAGA,60.15,59.13,59.64,-21.24,-20.69,-20.965,OK,Plate 2,A4,unused
set97,TGCGTCACACACTGCCTA,AAACAGTGCCCCTCGACT,AGTCGAGGGGCACTGTTT,59.36,58.93,59.145,-20.68,-20.26,-20.47,OK,Plate 2,A5,unused
set98,AACGCGGATGACTCGACA,TGCAGGCGCGTACATTCA,TGAATGTACGCGCCTGCA,59.52,60.54,60.03,-20.87,-21.29,-21.08,OK,Plate 2,A6,unused
set99,TCCCAGGCGAGACATGTT,TGCGGCCAACTTAGCGTA,TACGCTAAGTTGGCCGCA,58.69,59.83,59.26,-20.18,-20.88,-20.53,OK,Plate 2,A7,unused
set100,AAAGCGTCCAGGTTGCCT,AACCGACGGCCTAAGACA,TGTCTTAGGCCGTCGGTT,59.98,58.71,59.345,-20.72,-20.28,-20.5,OK,Plate 2,A8,unused
set101,ACACACGCAAGAGAGGGT,TGCGTGTCAGGGTTCCAA,TTGGAACCCTGACACGCA,58.95,59.58,59.265,-20.35,-20.61,-20.48,OK,Plate 2,A9,unused
set102,ACGGTCGCCACACTACAA,ATTGCGCGCACACTACAC,GTGTAGTGTGCGCGCAAT,59.36,59.61,59.485,-20.68,-21.11,-20.895,OK,Plate 2,A10,unused
set103,TTCCCCGAAACTCGCGTA,TTTCTGCGCCTACCCACT,AGTGGGTAGGCGCAGAAA,59.12,59.02,59.07,-20.55,-20.32,-20.435,OK,Plate 2,A11,unused
set104,AGCCAAGCAACTCGGGAA,ACTGCGCCCATTCGTACA,TGTACGAATGGGCGCAGT,59.66,59.83,59.745,-20.59,-20.88,-20.735,OK,Plate 2,A12,unused
set105,TCGCGATTGGCAGCCTAA,AACTGTGCGCCTACCCTT,AAGGGTAGGCGCACAGTT,59.91,59.34,59.625,-20.89,-20.46,-20.675,OK,Plate 2,B1,unused
set106,ATGCAGCGTTGTGGCCTA,TGTGCGCGGTAAGTACGA,TCGTACTTACCGCGCACA,60.15,59.53,59.84,-20.92,-20.93,-20.925,OK,Plate 2,B2,unused
set107,ACCGGCGAGAACGAAACT,TGGCTTTGGCTAGGTGCT,AGCACCTAGCCAAAGCCA,59.75,59.33,59.54,-20.87,-20.37,-20.62,OK,Plate 2,B3,unused
set108,AAGGCGCACGCGTATAGT,AACCCGTGCGTAAGTGCT,AGCACTTACGCACGGGTT,59.99,60.07,60.03,-21.09,-20.96,-21.025,OK,Plate 2,B4,unused
set109,ATGCGCGGCAACTATCGA,TAACGTGCGTCGGCCTAA,TTAGGCCGACGCACGTTA,60.38,59.52,59.95,-21.27,-20.84,-21.055,OK,Plate 2,B5,unused
set110,TGGCGCGTCGATCTTACA,ACAGCGCCGCACTAAACA,TGTTTAGTGCGGCGCTGT,59.6,60.77,60.185,-20.93,-21.37,-21.15,OK,Plate 2,B6,unused
set111,TCAGCGCGTTTCGAGAGT,ACGCATACGGGACTGTGA,TCACAGTCCCGTATGCGT,59.84,58.8,59.32,-21.06,-20.42,-20.74,OK,Plate 2,B7,unused
set112,TGCAACCCGGATACACGA,AAACGCGTCCTCGACTGT,ACAGTCGAGGACGCGTTT,59.11,59.76,59.435,-20.5,-20.96,-20.73,OK,Plate 2,B8,unused
set113,AGGCCGCGCGTTATGTTA,AAATTGCGCGGGGGTACA,TGTACCCCCGCGCAATTT,60.3,60.47,60.385,-21.17,-21.01,-21.09,OK,Plate 2,B9,unused
set114,TCGCCGCAAACTAGGTGT,AAGCCTTGGCTCATGCGA,TCGCATGAGCCAAGGCTT,59.75,60.15,59.95,-20.82,-20.88,-20.85,OK,Plate 2,B10,unused
set115,TGCTGCACACGTACCCTT,AACAGTGGCAGGCGTCTA,TAGACGCCTGCCACTGTT,59.67,59.03,59.35,-20.72,-20.41,-20.565,OK,Plate 2,B11,unused
set116,AGCTGCCGGCACTAATGT,AAGCACTGCCGTAGCACA,TGTGCTACGGCAGTGCTT,59.83,60.07,59.95,-20.75,-20.96,-20.855,OK,Plate 2,B12,unused
set127,AGGCCATGCAGCACACTA,ACGACCGCGCTATTGTGT,ACACAATAGCGCGGTCGT,59.42,60.22,59.82,-20.51,-21.21,-20.86,ok,Box,,unused
set128,TCAAGCGCGCTTAGTCCA,GCGCGAAGTTAGTGCCAT,ATGGCACTAACTTCGCGC,59.83,58.99,59.41,-20.93,-20.71,-20.82,ok,Box,,unused
set129,AGCCCAACGACGCATACT,AGGCGGCAAGTGTACAGT,ACTGTACACTTGCCGCCT,59.51,59.35,59.43,-20.7,-20.55,-20.625,ok,Box,,unused
set130,TCAAATGCGCCCTCTGCT,TTGAGGCGCGCTAGCTAT,ATAGCTAGCGCGCCTCAA,60.15,59.36,59.755,-20.88,-20.69,-20.785,ok,Box,,unused